番号,5424
名前,シロヱ
呼び名,シロヱ
 
フラグ,価格,10000
フラグ,誕生日,131
フラグ,血縁コード,55
フラグ,続柄,1001
 
基礎,体力,2200
基礎,気力,2500
CSTR,既婚者,不明
経験,Ｖ経験,60
経験,絶頂経験,70
経験,性交経験,80
経験,膣射経験,60
経験,精液経験,50
経験,出産経験,2
経験,料理経験,400
経験,家事経験,500
能力,技巧,4
能力,Ｖ感覚,4
能力,家事技能,5
能力,料理技能,4
素質,性別,2
素質,バストサイズ,5
素質,体格,4
素質,冷静
素質,楽観的
素質,恥薄い
素質,快感に素直
素質,気丈
素質,戦士
素質,痛みに強い
素質,鼓舞
素質,専業主婦
素質,世話好き
素質,献身的
素質,母性

{
CSTR,性経験,
モブ経験人数/1/
モブ経験回数/40/
モブパイズリ経験/30/
モブ中出され回数/20/
モブ孕み回数/2/
}

{
CSTR,相性,
シロ*200/
シロン*200/
ミツモト・ダイア*130/
}
 
CSTR,0,【シロヱ】
CSTR,1,穏やかな専業主婦、シロ・シロンの母親。
CSTR,2,かつてはボンバークィーンと呼ばれるほどの強者。今でも娘二人を溺愛している。
CSTR,3,謙虚で多少流されやすい…様だが線引きはしっかりしているため、心から支配するしかなさそうだ。
 
;服装
CSTR,上半身上着,カットソー
CSTR,下半身上着,ロングスカート
CSTR,全身上着,エプロン
CSTR,上半身下着,ブラジャー
CSTR,下半身下着,パンティ
CSTR,足元,サンダル
 
CSTR,種族,人間
CSTR,登場作品,ボンバーガール
CSTR,登場作品２,麻雀ファイトガール
CSTR,キャラデザ,壱
 
