番号,2751
名前,天戸 紺
呼び名,紺
CSTR,英語名,Amato Kon
CSTR,英語呼び名,Kon
 
フラグ,価格,1500
 
基礎,体力,1900
基礎,気力,1800
経験,ダンス経験,100
能力,舞踊技能,3
素質,性別,2
素質,バストサイズ,3
素質,処女
素質,素直
素質,ハイテンション
素質,好奇心
素質,楽観的
素質,貞操観念
素質,解放
素質,尻尾
素質,動物耳

{
CSTR,担当曲,
Deep tenDon Reflex|
}

{
CSTR,相性,
小舞 桜*150/
}
 
CSTR,0,【天戸 紺（Deep tenDon Reflex ）】
CSTR,1,踊り好きで天真爛漫な狐娘。頭上にはなぜか天丼を載せており、器用にバランス感覚を維持している。
CSTR,2,幼馴染の桜と遊ぶのが趣味。
CSTR,3,貞操観念を除けば屈服難易度は低め。
 
;服装
;上半身の和装名なんだっけ…
CSTR,特殊,天丼
CSTR,上半身上着,和服
CSTR,下半身上着,プリーツスカート
CSTR,上半身下着,ブラジャー
CSTR,下半身下着,パンティ
CSTR,足元,ニーソックス
 
CSTR,種族,獣人
CSTR,登場作品,Dance Dance Revolution
 
CSTR,好物,天丼