番号,2752
名前,小舞 桜
呼び名,桜
CSTR,英語名,Komai Sakura
CSTR,英語呼び名,Sakura
 
フラグ,価格,4000
 
基礎,体力,1900
基礎,気力,1800
素質,性別,2
素質,バストサイズ,3
素質,処女
素質,冷静
素質,強気
素質,自制心
素質,貞操観念
素質,尻尾
素質,動物耳
素質,犬

{
CSTR,担当曲,
ROCK THE PARTY|
}
 
{
CSTR,相性,
天戸 紺*150/
}

CSTR,0,【小舞 桜（ROCK THE PARTY）】
CSTR,1,大きな丸眼鏡が特徴の犬娘。DDR神社の看板娘で紺とは正反対にクールで負けず嫌い。
CSTR,2,大人しそうに見えても性格に見合ったマイナス素質持ち。こちらの屈服難易度はやや高め。
 
;服装
CSTR,特殊,ミニハット
CSTR,上半身上着,ブラウス
CSTR,下半身上着,ロングスカート
CSTR,全身上着,ジャケット
CSTR,上半身下着,ブラジャー
CSTR,下半身下着,パンティ
CSTR,足元,ニーソックス
 
CSTR,種族,獣人
CSTR,登場作品,Dance Dance Revolution
 
