番号,7457
名前,玄武（♀）
呼び名,玄武少女
 
;価格はBOKUTO(MAS)のノーツ数
フラグ,価格,2338
 
基礎,体力,1500
基礎,気力,1400
;如何せん四神だし男性神との性経験はありそう V経験は性交で100、手淫で+50(自慰と愛撫それぞれ25)
経験,Ｖ経験,150
経験,絶頂経験,125
経験,性交経験,100
経験,膣射経験,50
;中出しで50、フェラや手淫で+25(内訳：フェラでの口内射精が15回、手淫で射精させたのが10回)
経験,精液経験,75
経験,自慰経験,100
経験,フェラ経験,30
経験,詠唱経験,1000
能力,Ｃ感覚,2
能力,Ｖ感覚,3
能力,サドっ気,2
能力,魔法技能,10
素質,性別,2
素質,バストサイズ,1
;体格1か2で迷ったけどサイズ感はニアノアっぽいから一応1
素質,体格,1
素質,生意気
素質,反抗的
素質,プライド高い
素質,強気
素質,ツンデレ
素質,サボり魔
素質,浪費癖
素質,好奇心
素質,貞操無頓着
素質,痛みに強い
素質,回復早い
素質,月光浴
素質,習得早い
素質,舌使い
素質,霊感
素質,孔雀の瞳
素質,Ｖ敏感
素質,Ａ鈍感
素質,排卵不安定
素質,食欲皆伝
;見た目的に[児童]つけようか迷ったけど、大昔から祀られている神様なので不適切と思い、付けないことにした

;煉は隼と同じ陰陽師家系出身のため、はやすばや北斗の例に沿って120%の相性
{
CSTR,相性,
黒亀 北斗*200/
向来 隼*120/
御影 昴*120/
アドラス*25/
玄武（♂）*200/
火琉毘 煉*120/
}
;ゴバス組
;黄金井 竜子*120/
;清瀧 藍*120/

{
CSTR,担当曲,
BOKUTO|
}

{
CSTR,性経験,
モブ経験人数/10/
モブ経験回数/100/
モブ中出され回数/50/
}
 
CSTR,0,【玄武少女（BOKUTO）】
CSTR,1,中野の男子高校生兼ゴーストバスター・黒亀 北斗を眷属（という名のパシリ）にする、四神のひとつ「玄武」の少女。
CSTR,2,神社の池に溺水した小さい頃の北斗を助けたが、その代わり眷属として一生働かせる事にした。
CSTR,3,少年の方とは違ってパンケーキといった甘いスイーツが好きで、北斗を「ダメンズ」と罵るほど煽り性能が高い。
CSTR,4,力を「めんどくさいから」と全然貸してあげないため、結果北斗が妖怪に翻弄されるという災難に遭う事が多い。
CSTR,5,子供のような見た目に反し、大昔から祀られている神のため、男性神との性経験が豊富である。
CSTR,6,しかし、体力と気力は子供の見た目相応のため注意。
 
;服装
CSTR,特殊,帽子
CSTR,上半身上着,和服
CSTR,下半身上着,袴スカート
CSTR,上半身下着,インナー
CSTR,下半身下着,褌
CSTR,足元,足袋ソックス
フラグ,挿入可
 
CSTR,種族,神
CSTR,登場作品,CHUNITHM
CSTR,登場作品２,リレイション
CSTR,キャラデザ,むらいち

CSTR,好物,パンケーキ
 
;学園用
;周りからは見えないけど多分北斗についてきている？(違ったら一部フラグ消す)
フラグ,学年,3
フラグ,インモラル,50
フラグ,在校グループ,25
フラグ,特殊在校