番号,7291
名前,向来 隼
呼び名,隼
CSTR,英語名,Kourai Hayato
CSTR,英語呼び名,Hayato
 
フラグ,価格,5000
 
基礎,体力,1700
基礎,気力,1450
;数年も相棒してたらそういう事かなりの回数してそうだよな
経験,Ａ経験,10
経験,絶頂経験,95
経験,性交経験,80
経験,射精経験,80
経験,精液経験,15
経験,ゲイ経験,250
経験,自慰経験,50
経験,フェラ経験,10
能力,欲望,1
能力,Ｃ感覚,2
能力,Ａ感覚,1
;彼の方がまだブレーキかけてる感じある
能力,ホモっ気,3
CSTR,恋心,御影 昴
素質,性別,1
素質,臆病
素質,自制心
;貞操観念は矛盾するため付けないが、昴くん以外に触られるのは嫌がりそう
素質,抵抗
素質,抑圧
素質,保守的
素質,冷静
素質,プライド低い
素質,大人しい
素質,強気
素質,ヤンデレ
素質,悲観的
素質,痛みに弱い
素質,月光浴
素質,習得早い
素質,霊感
素質,Ｃ敏感
素質,Ａ敏感
素質,Ｂ鈍感
;ノクスの相性→声優(CV：石田彰)
{
CSTR,相性,
御影 昴*500/
アドラス*25/
黒亀 北斗*180/
ノクス・カトルセ*105/
火琉毘 煉*120/
玄武（♂）*120/
玄武（♀）*120/
}
{
CSTR,性経験,
経験回数/御影 昴*80/
アナル中出し回数/御影 昴*35/
アナル中出され回数/御影 昴*5/
}
{
CSTR,担当曲,
B100d Hunter|
}
CSTR,童貞,御影 昴
 
CSTR,0,【向来 隼（B100d Hunter）】
CSTR,1,陰陽師の末裔として生まれ、親友・御影 昴と共に妖魔退治をしている高校生。
CSTR,2,全ては彼との約束のため、"百鬼"と呼ばれる妖魔の血を啜る剣を持ち、妖魔を切り捨てる。
CSTR,3,昴には「もし"アドラス"が目覚めて自分が暴走したなら、自分を殺して欲しい」と言われているが、親友という立場からそれを躊躇っている。
CSTR,4,幼い頃から死者の声が聞こえる体質であり、精神的にも身体的にも負荷が掛かりやすいようだ。
CSTR,5,痛みに弱く、体力と気力も低いためSMや暴力での屈服は非推奨。甘い快楽で少しずつ心を開かせてあげよう。
CSTR,6,しかし、彼は親友かつ相棒である昴に対して相棒以上の感情を内に秘めているようだ。且つ[ヤンデレ]なので昴と同時に購入する際はストレス管理に注意。
;CSTR,,その上、彼が手元にいる状態で昴を先に陥落させる、もしくは売却以外の方法でロストさせると……
 
;服装
;ピアス&絆創膏取り外し不可、胸元のバッグはないことにしています
CSTR,上半身上着,シャツ
CSTR,下半身上着,スラックス
CSTR,全身上着,ブルゾンパーカー
CSTR,上半身下着,肌着
CSTR,下半身下着,ボクサーパンツ
CSTR,足元,靴下
フラグ,着衣併用,1

;カードメイカー衣装(今日からよろしくね、先輩♪)
CSTR,上半身上着2,制服セーター
CSTR,下半身上着2,スラックス
CSTR,全身上着2,ジャケット
CSTR,上半身下着2,カッターシャツ
CSTR,下半身下着2,ボクサーパンツ
CSTR,足元2,靴下
フラグ,着衣併用2,1
 
CSTR,種族,人間
CSTR,登場作品,CHUNITHM
CSTR,登場作品２,リレイション
CSTR,キャラデザ,ふぁすな
 
;学園モード用
フラグ,学年,3
フラグ,在校グループ,25
;深夜徘徊
フラグ,インモラル,10