番号,7351
名前,ロト・トゥエルヴ
呼び名,ロト
CSTR,英語名,Lotto Twelve
CSTR,英語呼び名,Lotto
フラグ,血縁コード,46
フラグ,続柄,1
フラグ,兄弟,1

;元25000だがすぐに堕ちるので流石に価格改定
フラグ,価格,2500
 
基礎,体力,3000
基礎,気力,3500
;ビッチ化ExMOD追加に伴い性経験削除
経験,苦痛快楽経験,30
経験,嗜虐快楽経験,150
経験,異常経験,50
経験,緊縛経験,30
経験,実務経験,20
能力,マゾっ気,3
能力,サドっ気,3
能力,メス度,2
素質,性別,1
素質,体格,3
素質,童貞
素質,生意気
素質,ハイテンション
素質,ヤンデレ
素質,寂しがり屋
素質,幼稚
素質,好奇心
素質,楽観的
素質,目立ちたがり
素質,貞操無頓着
素質,解放
素質,恥薄い
素質,快感に素直
素質,中毒しやすい
素質,即落ち
素質,回復早い
素質,習得早い
素質,汚れ無視
素質,舌使い
素質,倒錯的
素質,サド
素質,マゾ
素質,献身的
素質,妄信
素質,小悪魔
素質,ナルシスト
;セリフ的にこいつナルシだなと思ったので
素質,謎の魅力
素質,Ａ敏感
素質,Ｂ敏感
;男だからインキュバスでは？と言われそうだが男に抱かれる為の身体なのでサキュバス
素質,サキュバス
素質,狂気
素質,戦士
;(2024/1/23追記)セロさんの相性を追加するの忘れてた
;↑にさらに追記　カイナンさんの半身、セロさんにも彼の好奇心の魔の手が……セロさん逃げて超逃げて(相性改訂)
;ミスラてゃんの冷ややかな視線に恐怖するロトさん
{
CSTR,相性,
バテシバ・アヒトフェル*300/
ソロ・モーニア*500/
ミスラ・テルセーラ*90/
ニア・ユーディット*80/
ミカ・ドミナンスⅢ*80/
ダン・ドミナンスⅤ*80/
マードゥク・アニマート*80/
カイナン・メルヴィアス*220/
ヴォイド*300/
セロ・ダーウィーズ*250/
}
;実装も踏まえて追加(未実装のためコメントアウト)
;サルゴン・フェルネス*200/

{
CSTR,担当曲,
WE'RE BACK！！|
Elusive Enforcer|
}
 
CSTR,0,【ロト・トゥエルヴ（WE'RE BACK！！）】
CSTR,1,検体SS-012、赤き死神。無邪気な笑顔を絶やさぬ真人・強硬派（イノベイター）の特殊部隊隊長であり、ヴォイドの兄。
CSTR,2,弟と同じ、バテシバのクローン検体であり、ソロ・モーニアに施された実験で生まれた事もあってか、ソロの事を"父さん"と呼んでいる。
CSTR,3,屈服は非常に容易だが、売却には全くと言って良いほど向いていない。助手として使う事を強く推奨する。
CSTR,4,また、楽観的でおちゃらけた性格ではあるが、(FONT:BOLD:[ヤンデレ]持ちのため陥落後のストレスが溜まりやすい。)
CSTR,5,陥落後はあまり放置しすぎない方がいいだろう……
 
;服装
;ちなみに：えらびまにでの彼は通常(WE'RE BACK！！)グラ準拠としています
CSTR,特殊,ストール
CSTR,上半身上着,スーツ
CSTR,下半身上着,スラックス
CSTR,全身上着,コート
CSTR,上半身下着,トレーナー
CSTR,下半身下着,トランクス
CSTR,足元,ブーツ
フラグ,着衣併用,1
 
CSTR,種族,人間(？)
CSTR,登場作品,CHUNITHM
CSTR,登場作品２,Metaverse
CSTR,キャラデザ,ふぁすな
 
;学園モード用
CSTR,デフォルト科目,体育
フラグ,インモラル,5
