番号,5616
名前,クレンホウ・トウカ
呼び名,トウカ
CSTR,英語名,Kurenho Toka
CSTR,英語呼び名,Toka
 
フラグ,価格,1000
フラグ,誕生日,0910
 
基礎,体力,1500
基礎,気力,1800
経験,実務経験,100
素質,性別,2
素質,バストサイズ,6
素質,吸血鬼
素質,体格,4
素質,処女
素質,冷静
;痛みで仮死状態になるようにはしたいがこのままで
素質,痛みに強い
素質,気丈
素質,寂しがり屋
素質,ハイテンション
素質,保守的
素質,一線越えない
素質,統率
素質,月光浴

{
CSTR,担当曲,
ユー久ガチ恋ちゅーイ報|
}
 
{
CSTR,相性,
アマト・テンシ*160/
クニノカミ・ムサシ*160/
G-14 イヨ*160/
ミツモト・ダイア*160/
ナナツノ・ツミレ*120/
アンコク・ミツバ*120/
トイトイ*120/
ダブリエル*120/
ミツモト・ココア*160/
ゼツバミ・ヤオ*120/
ヤワラギ・ヒヨリ*120/
シゴロヌキ・ジュン*120/
イッシキ・クリア*120/
イッシキ・カオス*120/
}
 
CSTR,0,【クレンホウ・トウカ（九蓮宝・燈華）】
CSTR,1,影に隠れていた(FONT:STRIKE:エイプリルフール卓の番人)帝役麻雀部部長、その正体は不死身の吸血鬼ファイトガール。
CSTR,2,麻雀ファイトにおいて歴戦最強の実力者。しかしフィジカル面が貧弱なため、些細な事故ですぐ仮死状態になってしまう。
CSTR,3,麻雀が強い人間の血を好み『ちゅーけつき』を自称するほどかなりのキス魔。ポジティブで自分中心に周囲を振り回すギャル。
 
;服装
CSTR,特殊,髪飾り
CSTR,上半身上着,ブラウス
CSTR,下半身上着,ミニスカート
CSTR,全身上着,マント
CSTR,上半身下着,ブラジャー
CSTR,下半身下着,パンティ
CSTR,足元,ローファー

;デビューウェア
CSTR,特殊2,髪飾り
CSTR,上半身上着2,ワンピース
CSTR,下半身上着2,レオタード
CSTR,全身上着2,マント
CSTR,上半身下着2,ブラジャー
CSTR,下半身下着2,パンティ
CSTR,足元2,ニーハイソックス

;水着
CSTR,特殊3,髪飾り
CSTR,上半身下着3,チューブトップ
CSTR,下半身上着3,ホットパンツ
CSTR,下半身下着3,ビキニパンツ
フラグ,耐水3,16 32
 
CSTR,種族,ヴァンパイア
CSTR,登場作品,麻雀ファイトガール
CSTR,キャラデザ,壱
CSTR,キャラデザ２,K.M
 
CSTR,好物,ちゅーちゅーアイス

;学園モード用
CSTR,デフォルト学校名,帝国立ナガタチョウ役満高等学校
フラグ,学年,3
フラグ,インモラル,30