番号,5613
名前,ダブリエル
呼び名,ダブリエル
CSTR,英語名,Doubliel
CSTR,英語呼び名,Doubliel
 
フラグ,価格,1000
フラグ,誕生日,1129
 
基礎,体力,2000
基礎,気力,1800
経験,実務経験,100
素質,性別,2
素質,バストサイズ,7
素質,体格,4
素質,処女
素質,プライド高い
素質,弱気
素質,サボり魔
素質,幼稚
素質,保守的
素質,恥じらい
素質,一線越えない
素質,弱味
素質,痛みに弱い
素質,寒さに弱い
素質,暑さに弱い
素質,食欲皆伝

{
CSTR,担当曲,
堕天比翼のリアライズ|
}

{
CSTR,相性,
ナナツノ・ツミレ*150/
アマト・テンシ*130/
アンコク・ミツバ*120/
トイトイ*140/
ミツモト・ダイア*120/
タテナオリ・イッパツ*140/
}
 
CSTR,0,【ダブリエル】
CSTR,1,弐女の留年堕天使、シスター業を務めるダブリー（ダブル立直）ガール。ハイカロリー大好きぽっちゃりボディ。
CSTR,2,守護天使だったが下界の娯楽にハマって職務放棄した結果、天使免許を剥奪された。
CSTR,3,善行を積むも面倒くさいのはすべて後回し、という怠惰な性格が天使人生を無駄にしてしまっている。
CSTR,4,失ったヘイローを自作して身に付けているのは元天使のプライド。
CSTR,5,恋愛未経験なのか、色欲には凄まじい勢いで拒絶する。
 
;服装
CSTR,上半身上着,Tシャツ
CSTR,下半身上着,ホットパンツ
CSTR,全身上着,シスター服
CSTR,上半身下着,ブラジャー
CSTR,下半身下着,パンティ
CSTR,足元,クロックス
フラグ,着衣併用,1

;デビューウェア
CSTR,上半身上着2,ビキニブラ
CSTR,下半身上着2,エプロンスカート
CSTR,下半身下着2,パンティ
CSTR,足元2,
フラグ,着衣併用2,1

;水着
CSTR,上半身下着3,紐ビキニブラ
CSTR,下半身下着3,紐ビキニパンツ
フラグ,耐水3,48
 
CSTR,種族,天使
CSTR,登場作品,麻雀ファイトガール
CSTR,キャラデザ,壱
CSTR,キャラデザ２,スティンガー
 
CSTR,好物,てりやきピザ

;学園モード用
CSTR,デフォルト学校名,アキバ弐役女学院
フラグ,特殊在校