番号,5614
名前,タテナオリ・イッパツ
呼び名,イッパツ
CSTR,英語名,Tatenaori Ippatsu
CSTR,英語呼び名,Ippatsu
 
フラグ,価格,1000
フラグ,誕生日,1108
フラグ,血縁コード,54
フラグ,続柄,2
フラグ,姉妹,2
 
基礎,体力,1600
基礎,気力,1700
経験,飼育経験,100
経験,実務経験,100
素質,性別,2
素質,バストサイズ,5
素質,処女
素質,素直
素質,冷静
素質,ハイテンション
素質,好奇心
素質,快感に素直
素質,濡れやすい
素質,回復早い
素質,下戸
素質,舌使い
素質,献身的
素質,倒錯的

{
CSTR,担当曲,
わんか先生のマンガ描くには|
}

{
CSTR,相性,
タテナオリ・セン*200/
ヤワラギ・ヒヨリ*150/
ゼツバミ・ヤオ*150/
イッシキ・クリア*150/
}
 
CSTR,0,【タテナオリ・イッパツ（立直・一発）】
CSTR,1,瞳が隠れるぱっつん前髪の壱高生徒。月刊少女漫画雑誌『つもぎり』の人気漫画家でセンの実妹。
CSTR,2,勝敗にかかわらず喜ぶ、勝負好きな性格を見込んだヒヨリから勧誘されてファイトガールに加入した。
CSTR,3,好奇心旺盛で探求心が強い性質故、何でも知りたがり。屈服難易度は低め。
CSTR,4,姉妹で楽しむのも良いかもしれない。
 
;服装
CSTR,特殊,ベレー帽
CSTR,上半身上着,ノースリーブブラウス
CSTR,下半身上着,ロングスカート
CSTR,上半身下着,ブラジャー
CSTR,下半身下着,パンティ
CSTR,足元,ローファー
フラグ,上着パイズリ,6
フラグ,下着パイズリ,4

;デビューウェア
CSTR,特殊2,ヘッドドレス
CSTR,全身上着2,ワンピースドレス
CSTR,上半身下着2,ブラジャー
CSTR,下半身下着2,パンティ
CSTR,足元2,ローファー
フラグ,上着パイズリ2,6
フラグ,下着パイズリ2,4
 
;水着
CSTR,特殊3,髪留め
CSTR,上半身下着3,ビキニブラ
CSTR,下半身下着3,ビキニパンツ
フラグ,耐水3,48

CSTR,種族,人間
CSTR,登場作品,麻雀ファイトガール
CSTR,キャラデザ,K.M.
 
CSTR,好物,切り干し大根

;学園モード用
CSTR,デフォルト学校名,ネリマ壱役高等学校
フラグ,学年,3
