番号,5615
名前,シゴロヌキ・ジュン
呼び名,ジュン
CSTR,英語名,Shigoronuki jun
CSTR,英語呼び名,jun
 
フラグ,価格,1000
フラグ,誕生日,619
 
;スマホが少し苦手＝機械に弱い可能性
基礎,体力,1800
基礎,気力,1900
素質,性別,2
素質,バストサイズ,3
素質,体格,2
素質,処女
能力,家事技能,2
能力,工作技能,-1
能力,料理技能,2
経験,家事経験,100
経験,料理経験,100
素質,冷静
素質,ハイテンション
素質,一線越えない
素質,貞操観念
素質,恥じらい
素質,痛みに強い
素質,倒錯的
素質,統率
素質,戦士
{
CSTR,担当曲,
愛師天流 亜鉈嶽悪|
RAGE feat.H14 of LEONAIR|
}

{
CSTR,相性,
イッシキ・カオス*180/
イッシキ・クリア*110/
ミツモト・ダイア*120/
}
;ペコ*180/
 
CSTR,0, 【シゴロヌキ・ジュン（一二三七八九・純）】
CSTR,1, 地元カワサキを愛する参塾の総長。一二三七八九と書いてシゴロヌキと読む。…純全帯么九（ジュンチャンタ）みたいな苗字だ。
CSTR,2, カオス・ペコの先輩で小柄ながらも腕っぷしが強く、喧嘩と麻雀のダブル全国制覇を目指す。
CSTR,3, 将来は白無垢姿の花嫁を夢見る純情可憐な少女。グループを束ねる不良だけど領分を弁えている。
CSTR,4, 想い人がいるため少々面倒かもしれない。
 
;服装
;金棒持たせたら危ないだろ！
CSTR,上半身上着,セーラー服
CSTR,下半身上着,ロングスカート
CSTR,上半身下着,サラシ
CSTR,下半身下着,パンティ
CSTR,足元,ローファー

;デビューウェア
CSTR,特殊2,シニヨン
CSTR,全身上着2,チャイナドレス
CSTR,上半身下着2,ブラジャー
CSTR,下半身下着2,パンティ
CSTR,足元2,パンプス

;水着
CSTR,全身上着3,ジャージウェア
CSTR,上半身下着3,フリルビキニブラ
CSTR,下半身下着3,フリルビキニパンツ
CSTR,足元3,サンダル
フラグ,耐水3,32
 
CSTR,種族,人間
CSTR,登場作品,麻雀ファイトガール
CSTR,キャラデザ,壱
CSTR,キャラデザ２,K.M.
 
CSTR,好物,焼肉

;学園モード用
CSTR,デフォルト学校名,カワサキ参役塾高等学校
フラグ,学年,3
フラグ,インモラル,-10