番号,5612
名前,ミツモト・ダイア
呼び名,ダイア
CSTR,英語名,Mitumoto Daia
CSTR,英語呼び名,Daia
 
フラグ,価格,1000
フラグ,誕生日,410
フラグ,血縁コード,52
フラグ,続柄,1001
 
基礎,体力,2200
基礎,気力,2000
経験,絶頂経験,20
経験,性交経験,10
経験,膣射経験,30
経験,精液経験,10
経験,パイズリ経験,30
経験,出産経験,1
経験,料理経験,200
経験,家事経験,600
経験,工作経験,50
経験,詠唱経験,300
経験,飼育経験,30
経験,実務経験,1000
能力,Ｖ感覚,5
能力,Ｂ感覚,3
能力,料理技能,4
能力,家事技能,5
能力,魔法技能,3
能力,飼育技能,2
CSTR,既婚者,不明
素質,性別,2
素質,バストサイズ,7
素質,体格,4
素質,冷静
素質,強気
素質,感情乏しい
素質,保守的
素質,ハイテンション
素質,一線越えない
素質,恥薄い
素質,気丈
素質,痛みに強い
素質,濡れやすい
素質,読書家
素質,Ｖ敏感
素質,Ａ鈍感
素質,戦士
 
{
CSTR,担当曲,
大魔法少女 らぶはむ♡ダイア|
抱きしめてモナムール|
湘南ロンリーMIDNIGHT RAIN|
}
 
;マキシマ先生との相性＝テンションが似てるので
{
CSTR,相性,
ミツモト・ココア*200/
ヤワラギ・ヒヨリ*130/
アマト・テンシ*120/
クニノカミ・ムサシ*120/
アンコク・ミツバ*120/
トイトイ*120/
G-14 イヨ*120/
ダブリエル*120/
ボルテナイザー・マキシマ*103/
シロヱ*130/
}
;クレンホウ・トウカ*120/
 
{
CSTR,性経験,
モブ経験人数/1/
モブ経験回数/10/
モブパイズリ経験/1/
モブ中出され回数/20/
モブ孕み回数/1/
}
 
CSTR,0,【ミツモト・ダイア（三元・大恋愛）】
CSTR,1,帝役の元ファイトガールにして教師兼麻雀部顧問、科目は勿論麻雀。凛とした女丈夫でココアの母親。
CSTR,2,大三元（ダイサンゲン）の魔法少女でありながら母親としてココアに慕われる程愛情を注いできた。愛と娘の為なら拳で解決。
CSTR,3,(FONT:BOLD:少女時代から着ている変身後のドレス)をデビューウェアに使うなど、普段も厳格と言うよりはっちゃけた性格。
CSTR,4,羞恥心を投げ捨てたような素質持ちだが、既婚者特有のマイナス素質に要注意。
 
;服装
CSTR,特殊,ガーターベルト
CSTR,上半身上着,ブラウス
CSTR,下半身上着,ミニスカート
CSTR,上半身下着,ブラジャー
CSTR,下半身下着,パンティ
CSTR,足元,ニーハイストッキング
フラグ,挿入可

;らぶはむドレス パツパツです
CSTR,特殊2,豚耳リボン
CSTR,全身上着2,ワンピースドレス
CSTR,下半身上着2,パニエ
CSTR,上半身下着2,ブラジャー
CSTR,下半身下着2,パンティ
CSTR,足元2,ソックス
フラグ,挿入可2
 
;水着 ハイカット競泳水着…
CSTR,全身上着3,競泳水着
フラグ,着衣併用3,2
フラグ,耐水3,8
 
;アニマルフォーム
;ココアとお揃い
CSTR,特殊4,もこもこグローブ
CSTR,上半身下着4,チューブトップ
CSTR,下半身下着4,ビキニパンツ
CSTR,足元4,もこもこブーツ
 
CSTR,種族,人間(？)
CSTR,登場作品,麻雀ファイトガール
CSTR,登場作品２,ボンバーガール
CSTR,キャラデザ,壱
CSTR,キャラデザ２,K.M.
 
CSTR,デフォルト学校名,帝国立ナガタチョウ役満高等学校
CSTR,デフォルト科目,麻雀
フラグ,インモラル,-20

CSTR,好物,トリュフ