番号,307,
名前,風々奇,
呼び名,風々奇,
CSTR,英語名,Fubuki
CSTR,英語呼び名,Fubuki

フラグ,価格,30000

;『Quakes』のノート数…SPA:1654 DPA:1613
;「ノート数+200」を体力気力の値に
基礎,体力,1854
基礎,気力,1813
能力,栽培技能,3
経験,栽培経験,200
素質,性別,2
素質,バストサイズ,4
素質,処女,
素質,気丈,
素質,大人しい,
素質,冷静,
素質,サボり魔,
素質,自制心,
素質,無関心,
素質,感情乏しい,
素質,保守的,
素質,貞操無頓着,
素質,抵抗,
素質,恥薄い,
素質,習得遅い,
素質,汚れ無視,
素質,Ｖ鈍感,
素質,Ｂ鈍感,
素質,回復遅い,
{
CSTR,相性,
火々矢*240/
兎々呂鬼*240/
夜々祇*240/
}
{
CSTR,担当曲,
Mare Nectaris|
}

CSTR,0,【風々奇】
CSTR,1,忍々七鍵伝において風巻流の総本山でQuakesを守っていた。
CSTR,2,忍者の末裔である一方で、高校では園芸部で活動している。
CSTR,3,冷静な性格ではあるものの、[貞操無頓着]などの簡単な素質もありそこまで難しくないだろう。

;服装
CSTR,特殊,髪飾り
CSTR,上半身上着,肩出しトップス
CSTR,下半身上着,スカート
CSTR,下半身下着,パンティ
フラグ,挿入可,1

CSTR,種族,人間

CSTR,登場作品,beatmaniaIIDX

CSTR,キャラデザ,GOLI

;学園モード用
フラグ,学年,3
フラグ,在校グループ,16
フラグ,インモラル,5
