番号,305,
名前,火々矢,
呼び名,火々矢,
CSTR,英語名,Hibiya
CSTR,英語呼び名,Hibiya

フラグ,価格,30000

;『DORNWALD ～Junge～』のノート数…SPA:1903 DPA:1871
;「ノート数+200」を体力気力の値に
基礎,体力,2103
基礎,気力,2071
能力,料理技能,3
経験,料理経験,200
素質,性別,2
素質,バストサイズ,2
素質,処女,
素質,臆病,
素質,ツンデレ,
素質,強気,
素質,抑圧,
素質,抵抗,
素質,恥じらい,
素質,痛みに弱い,
素質,舌使い,
素質,献身的,
素質,小悪魔,
素質,Ｂ敏感,
素質,体格,2
素質,排卵不安定,300
{
CSTR,相性,
兎々呂鬼*240/
風々奇*240/
夜々祇*240/
}
{
CSTR,担当曲,
Mare Nectaris|
}

CSTR,0,【火々矢】
CSTR,1,忍々七鍵伝において炎雅流の総本山でDORNWALD ～Junge～を守っていた。
CSTR,2,忍者の末裔である一方で、高校では料理部で活動している。
CSTR,3,負けん気が強い性格で、好きなものは焼き芋。

;服装
CSTR,特殊,髪留め
CSTR,上半身下着,ビキニ
CSTR,下半身下着,ビキニパンツ
フラグ,耐水,48
フラグ,下着パイズリ,4

CSTR,種族,人間

CSTR,登場作品,beatmaniaIIDX

CSTR,キャラデザ,GOLI

;学園モード用
フラグ,学年,3
フラグ,在校グループ,16
フラグ,インモラル,5
