番号,306,
名前,兎々呂鬼,
呼び名,兎々呂鬼,
CSTR,英語名,Todoroki
CSTR,英語呼び名,Todoroki

フラグ,価格,30000

;『Caterpillar』のノート数…SPA:1561 DPA:1681
;「ノート数+200」を体力気力の値に
基礎,体力,1761
基礎,気力,1881
素質,性別,2
素質,バストサイズ,5
素質,処女,
素質,生意気,
素質,反抗的,
素質,気丈,
素質,衝動的,
素質,ツンデレ,
素質,強気,
素質,貞操無頓着,
素質,解放,
素質,抵抗,
素質,恥薄い,
素質,Ｖ敏感,
素質,Ａ敏感,
素質,排卵不安定,300
{
CSTR,相性,
火々矢*240/
風々奇*240/
夜々祇*240/
大伴 茶倉*120/
デュエル*120/
ケーキポップ*120/
}
{
CSTR,担当曲,
Mare Nectaris|
RAGE feat.H14 of LEONAIR|
}

CSTR,0,【兎々呂鬼】
CSTR,1,忍々七鍵伝において雷振流の総本山でCaterpillarを守っていた。
CSTR,2,忍者の末裔である一方で、高校ではテニス部で活動している。
CSTR,3,男勝りでサバサバした性格で、調教する際には難しい素質が揃っている。

;服装
CSTR,上半身上着,チューブトップ
CSTR,下半身上着,スカート
CSTR,下半身下着,パンティ
フラグ,挿入可,1
フラグ,上着パイズリ,5

;RAGE
CSTR,上半身上着2,セーター
CSTR,下半身上着2,スカート
CSTR,全身上着2,フリースジャケット
CSTR,上半身下着2,インナーシャツ
CSTR,下半身下着2,パンティ
CSTR,足元2,ニーソックス
フラグ,挿入可2,1

CSTR,種族,人間

CSTR,登場作品,beatmaniaIIDX
CSTR,登場作品２,Roots26

CSTR,キャラデザ,GOLI

;学園モード用
フラグ,学年,3
フラグ,在校グループ,16
フラグ,インモラル,5
