番号,2073
名前,チャラ王
呼び名,チャラ王
CSTR,英語名,CHARA-O
CSTR,英語呼び名,CHARA-O
 
フラグ,価格,1500
フラグ,誕生日,415
 
基礎,体力,2000
基礎,気力,1800
経験,ダンス経験,100
経験,実務経験,50
能力,欲望,1
能力,露出癖,1
能力,舞踊技能,3
素質,性別,1
素質,童貞
素質,冷静
素質,ハイテンション
素質,浪費癖
素質,楽観的
素質,目立ちたがり
素質,解放
素質,恥薄い
素質,酒豪
素質,謎の魅力
素質,遊び人
{
CSTR,担当曲,
マジヤバ最強伝説|
mathematical good-bye|
BOMBER!BOMBER!BABY!|
}
 
CSTR,0,【チャラ王（マジヤバ最強伝説）】
CSTR,1,ジャケットからはだけた褐色肌に金髪の陽気な男。チャラ男特有の軟派な言動が多い。
CSTR,2,とにかく明るい持ち前のチャラさで、ポンギのチャラ王を目指している。
 
;服装
CSTR,下半身上着,ジーンズ
CSTR,全身上着,ジャケット
CSTR,下半身下着,トランクス
CSTR,足元,ブーツ
フラグ,着衣併用,1

;High☆Cheers!!
CSTR,上半身上着2,タンクトップ
CSTR,下半身上着2,ジーンズ
CSTR,全身上着2,ジャケット
CSTR,下半身下着2,トランクス
CSTR,足元2,ブーツ
フラグ,着衣併用2,1
 
CSTR,種族,人間
CSTR,登場作品,pop'n music
CSTR,キャラデザ,ちっひ
 
フラグ,インモラル,60