番号,2087
名前,さったん
呼び名,さったん
CSTR,英語名,Sattan
CSTR,英語呼び名,Sattan
 
フラグ,価格,666
フラグ,誕生日,606
 
基礎,体力,1900
基礎,気力,1800
経験,飼育経験,50
経験,家事経験,50
能力,魔法技能,1
能力,家事技能,1
能力,飼育技能,1
素質,性別,1
素質,体格,4
素質,童貞
素質,プライド高い
素質,強気
素質,幼稚
素質,痛みに弱い
素質,月光浴
素質,世話好き
素質,汚臭敏感
素質,統率
 
{
CSTR,担当曲,
魔界!痛快!ヘルダンス|
}
 
{
CSTR,相性,
勇者ああああ*75/
}
 
CSTR,0,【さったん（魔界！痛快！ヘルダンス）】
CSTR,1,大魔王の血を引く青年。白塗りメイクが特徴。
CSTR,2,プライドが高く打倒勇者に燃えている。ステータスは冒険に出たばかりなのでLv１。
CSTR,3,打たれ弱く子供っぽいけど面倒見が良いお兄さんとの事。
 
;服装
CSTR,上半身上着,ノースリーブ
CSTR,下半身上着,スキニーパンツ
CSTR,全身上着,マント
CSTR,下半身下着,トランクス
CSTR,足元,ロングブーツ
フラグ,着衣併用,1
 
CSTR,種族,悪魔
CSTR,登場作品,pop'n music
CSTR,キャラデザ,ちっひ
 
