番号,1660
名前,リュータ
呼び名,リュータ
 
フラグ,価格,2000
フラグ,誕生日,810
 
基礎,体力,2000
基礎,気力,1900
経験,実務経験,200
経験,自慰経験,30
経験,射精経験,10
CSTR,恋心,ミミ
素質,性別,1
素質,童貞
素質,ハイテンション
素質,ツンデレ
素質,幼稚
素質,自制心
素質,保守的
素質,楽観的
素質,恥薄い
素質,下戸
素質,自慰しやすい
素質,女好き
{
CSTR,相性,
ミミ*160/
ハヤト*120/
}
 
CSTR,0,【リュータ（pure）】
CSTR,1,丼屋で働く金髪褐色の男子高生、マイペースだけど気になるあの子が居るらしくて…
CSTR,2,彼にとって丼の無い世界は考えられないらしい。
CSTR,3,ハヤトとは友人関係に当たる。
 
;服装
CSTR,上半身上着,ワイシャツ
CSTR,下半身上着,スラックス
CSTR,全身上着,ベスト
CSTR,下半身下着,トランクス
CSTR,足元,ソックス
 
;ラピス衣裳
CSTR,上半身上着2,プルパーカー
CSTR,下半身上着2,ズボン
CSTR,全身上着2,ジャケット
CSTR,下半身下着2,トランクス
CSTR,足元2,スニーカー
 
{
CSTR,担当曲,
pure|
純勉夏|
徒然 My world|
}
 
CSTR,種族,人間
CSTR,登場作品,pop'n music
CSTR,キャラデザ,VJ GYO
CSTR,キャラデザ２,ちっひ
 
;学園モード用
CSTR,デフォルト学校名,ラピストリア学園
フラグ,学年,3